"","species","stage","biofilm","crustacean","detritus","fish","insect","macrophyte","mollusk","phytoplankton","worm","zooplankton"
"1","Abramis brama","recruits/juv.",0,1,0,0,1,0,0,0,1,1
"2","Abramis brama","juv./adults",0,1,1,0,1,1,1,0,1,1
"3","Abramis brama","adults",0,1,1,1,1,0,0,0,1,1
"4","Acipenser ruthenus","juv./adults",0,0,0,0,1,0,0,0,0,1
"5","Alburnoides bipunctatus","juv./adults",0,1,0,0,1,0,0,1,0,0
"6","Alburnus alburnus","juv./adults",1,1,1,0,1,0,0,1,0,1
"7","Ameiurus melas","recruits/juv.",0,1,0,0,1,0,0,0,1,0
"8","Ameiurus melas","juv./adults",0,0,0,1,0,0,1,0,0,0
"9","Ameiurus melas","adults",0,0,0,0,0,0,1,0,0,0
"10","Anguilla anguilla","recruits/juv.",0,1,0,1,0,0,0,0,0,0
"11","Anguilla anguilla","larvae",0,0,0,1,0,0,0,1,0,1
"12","Anguilla anguilla","juv./adults",0,1,0,1,1,0,1,0,1,1
"13","Barbatula barbatula","juv./adults",0,1,0,0,1,0,1,0,1,1
"14","Barbus barbus","juv./adults",1,1,0,0,1,0,1,0,0,0
"15","Barbus meridionalis","juv./adults",1,0,0,0,1,0,1,0,0,0
"16","Blicca bjoerkna","recruits/juv.",0,0,0,0,1,1,0,0,0,1
"17","Blicca bjoerkna","larvae",0,0,0,0,1,0,0,0,1,1
"18","Blicca bjoerkna","juv./adults",0,1,1,0,1,0,1,0,1,1
"19","Carassius auratus","recruits/juv.",0,0,0,0,1,0,0,0,0,0
"20","Carassius auratus","juv./adults",0,1,0,0,1,0,1,0,1,1
"21","Carassius auratus","adults",1,0,1,0,0,1,0,0,0,0
"22","Carassius carassius","recruits/juv.",0,1,0,0,1,0,0,0,0,1
"23","Carassius carassius","juv./adults",0,0,0,0,1,0,0,0,0,1
"24","Carassius carassius","adults",0,0,0,0,1,0,0,0,0,0
"25","Carassius gibelio",NA,0,0,0,0,0,0,0,0,0,0
"26","Chelon auratus","recruits/juv.",0,1,0,0,1,0,0,1,1,1
"27","Chelon auratus","juv./adults",0,1,1,0,1,0,1,1,0,1
"28","Chelon ramada","recruits/juv.",0,1,0,0,1,0,0,0,1,1
"29","Chelon ramada","juv./adults",1,1,1,0,1,0,0,1,0,1
"30","Chelon ramada","adults",0,1,0,0,0,0,1,0,0,0
"31","Chondrostoma nasus","juv./adults",1,0,1,0,0,0,0,1,0,0
"32","Cobitis taenia",NA,0,0,0,0,0,0,0,0,0,0
"33","Coregonus lavaretus","larvae",0,0,0,0,1,0,0,0,0,1
"34","Coregonus lavaretus","juv./adults",0,1,1,0,1,0,0,0,0,1
"35","Cottus gobio","juv./adults",1,1,1,1,1,0,0,0,1,1
"36","Cottus petiti",NA,0,0,0,0,0,0,0,0,0,0
"37","Cyprinus carpio","juv./adults",1,1,1,1,1,1,1,0,1,1
"38","Cyprinus carpio","adults",1,0,0,0,0,0,0,0,0,0
"39","Esox lucius","recruits/juv.",0,0,0,0,0,0,0,0,0,1
"40","Esox lucius","larvae",0,0,0,0,1,0,0,0,0,1
"41","Esox lucius","juv./adults",0,0,0,1,1,0,0,0,0,1
"42","Esox lucius","adults",0,1,0,1,1,0,0,0,1,0
"43","Gambusia affinis","juv./adults",0,0,1,1,1,0,0,0,0,1
"44","Gasterosteus aculeatus","juv./adults",1,1,0,1,1,0,1,1,1,1
"45","Gasterosteus aculeatus","adults",0,1,0,1,1,0,0,0,0,1
"46","Gobio gobio","juv./adults",1,1,0,0,1,0,1,0,1,0
"47","Gymnocephalus cernua","recruits/juv.",0,0,0,0,0,0,0,0,0,1
"48","Gymnocephalus cernua","juv./adults",1,1,1,1,1,1,1,0,1,1
"49","Gymnocephalus cernua","adults",0,0,0,1,0,0,0,0,0,0
"50","Hypophthalmichthys molitrix","recruits/juv.",0,0,0,0,0,0,0,0,0,1
"51","Hypophthalmichthys molitrix","larvae",0,0,0,0,0,0,0,0,0,1
"52","Hypophthalmichthys molitrix","juv./adults",0,0,0,0,0,0,0,1,0,0
"53","Lepomis gibbosus","recruits/juv.",0,1,1,0,1,0,0,0,0,1
"54","Lepomis gibbosus","juv./adults",0,1,0,1,1,0,0,0,1,1
"55","Leucaspius delineatus","juv./adults",1,0,0,0,1,0,0,1,0,0
"56","Leucaspius delineatus","adults",0,0,0,0,0,0,0,0,0,1
"57","Leuciscus aspius","larvae",0,0,0,0,0,0,0,0,0,1
"58","Leuciscus aspius","juv./adults",0,0,0,1,0,0,0,0,0,0
"59","Leuciscus burdigalensis",NA,0,0,0,0,0,0,0,0,0,0
"60","Leuciscus idus","juv./adults",0,1,0,0,1,0,1,0,0,1
"61","Leuciscus idus","adults",0,0,0,1,0,0,0,0,0,0
"62","Leuciscus leuciscus","juv./adults",1,1,1,0,1,0,1,0,0,0
"63","Lota lota","recruits/juv.",0,0,0,1,1,0,0,0,0,0
"64","Lota lota","juv./adults",0,1,0,1,1,0,1,0,0,1
"65","Lota lota","adults",0,0,0,1,0,0,0,0,0,0
"66","Micropterus salmoides","recruits/juv.",0,0,0,1,1,0,0,0,0,1
"67","Micropterus salmoides","larvae",0,0,0,0,1,0,0,0,0,1
"68","Micropterus salmoides","juv./adults",1,1,0,1,1,0,1,0,0,1
"69","Micropterus salmoides","adults",0,1,0,1,0,0,0,0,0,0
"70","Misgurnus fossilis","juv./adults",0,0,0,0,1,0,1,0,0,0
"71","Neogobius melanostomus","juv./adults",0,1,0,0,0,0,1,0,0,0
"72","Oncorhynchus mykiss","recruits/juv.",0,1,0,1,1,0,1,0,1,0
"73","Oncorhynchus mykiss","larvae",0,1,0,0,1,0,0,0,1,0
"74","Oncorhynchus mykiss","juv./adults",1,1,1,1,1,0,1,0,0,0
"75","Oncorhynchus mykiss","adults",0,0,0,1,0,0,0,0,0,0
"76","Pachychilon pictum","juv./adults",1,0,0,0,1,0,0,0,0,0
"77","Parachondrostoma toxostoma","juv./adults",1,0,0,0,0,0,0,0,0,0
"78","Perca fluviatilis","recruits/juv.",0,0,0,0,1,0,0,0,1,1
"79","Perca fluviatilis","juv./adults",0,1,0,1,1,0,0,0,0,1
"80","Phoxinus phoxinus","recruits/juv.",0,1,0,0,1,0,0,0,1,0
"81","Phoxinus phoxinus","juv./adults",1,0,1,1,1,0,0,0,0,1
"82","Phoxinus phoxinus","adults",0,1,0,0,1,0,0,0,0,0
"83","Ponticola kessleri","juv./adults",0,1,0,1,0,0,0,0,1,1
"84","Pseudorasbora parva","juv./adults",0,1,0,1,1,1,1,1,0,1
"85","Pungitius pungitius","juv./adults",0,1,0,0,1,0,0,0,1,1
"86","Pungitius pungitius","adults",0,0,0,0,1,0,0,0,0,1
"87","Rhodeus amarus","juv./adults",1,1,0,0,1,0,0,0,1,0
"88","Rutilus rutilus","recruits/juv.",0,0,0,0,1,0,0,0,1,0
"89","Rutilus rutilus","juv./adults",1,1,1,0,1,0,1,1,1,1
"90","Salariopsis fluviatilis","juv./adults",0,0,0,0,0,0,0,0,0,0
"91","Salmo trutta","recruits/juv.",0,1,0,1,1,0,0,0,0,0
"92","Salmo trutta","larvae",0,0,0,0,0,0,0,0,0,1
"93","Salmo trutta","juv./adults",0,1,0,1,1,0,1,0,1,1
"94","Salmo trutta","adults",0,1,0,1,1,0,1,0,0,1
"95","Salvelinus alpinus","recruits/juv.",0,1,0,1,1,0,1,0,1,1
"96","Salvelinus alpinus","larvae",0,0,0,0,1,0,0,0,0,1
"97","Salvelinus alpinus","juv./adults",0,1,0,1,1,0,1,0,1,1
"98","Salvelinus alpinus","adults",0,0,0,0,0,0,0,0,0,1
"99","Salvelinus fontinalis","juv./adults",0,1,0,1,1,0,1,0,1,1
"100","Salvelinus fontinalis","adults",0,0,0,0,0,0,0,0,0,0
"101","Salvelinus namaycush","recruits/juv.",0,1,0,0,1,0,0,0,0,1
"102","Salvelinus namaycush","juv./adults",1,0,0,1,1,0,1,0,1,1
"103","Salvelinus namaycush","adults",0,0,0,1,1,0,0,0,0,0
"104","Sander lucioperca","recruits/juv.",0,0,0,1,1,0,0,0,0,1
"105","Sander lucioperca","juv./adults",0,0,0,1,0,0,0,0,0,1
"106","Scardinius erythrophthalmus","recruits/juv.",0,0,0,0,0,0,0,1,0,1
"107","Scardinius erythrophthalmus","juv./adults",0,1,1,0,1,1,0,1,0,1
"108","Scardinius hesperidicus","juv./adults",1,0,0,0,1,0,0,0,0,0
"109","Silurus glanis","recruits/juv.",0,0,0,1,1,0,0,0,0,1
"110","Silurus glanis","juv./adults",0,0,0,1,0,0,0,0,0,0
"111","Silurus glanis","adults",0,0,0,0,0,0,0,0,0,0
"112","Squalius cephalus","recruits/juv.",0,0,0,0,1,0,0,0,0,1
"113","Squalius cephalus","juv./adults",1,1,0,0,1,0,1,0,1,0
"114","Squalius cephalus","adults",0,0,0,1,0,0,0,0,0,0
"115","Telestes souffia","juv./adults",0,0,0,0,1,0,0,0,0,0
"116","Thymallus thymallus","juv./adults",0,1,1,0,1,0,0,0,0,1
"117","Thymallus thymallus","adults",0,0,0,1,0,0,0,0,0,0
"118","Tinca tinca","juv./adults",1,1,1,1,1,0,1,0,1,1
"119","Zingel asper","juv./adults",0,1,0,0,1,0,0,0,1,1
